id_orador,nombre,apellido,mail,tema,fecha_alta
1,Torrey,McIlreavy,tmcilreavy0@geocities.jp,"Inventory Control","2023-08-28 18:40:42"
2,Cherie,Izon,cizon1@epa.gov,"Maritime Operations","2023-09-15 10:03:25"
3,Arlin,Bartolomucci,abartolomucci2@mozilla.com,Salesforce.com,"2023-01-03 06:43:15"
4,Kinna,Sarjeant,ksarjeant3@live.com,JProbe,"2022-11-28 01:11:31"
5,Monty,MacCarter,mmaccarter4@yandex.ru,"BMC Remedy AR System","2023-03-19 06:53:51"
6,Brett,Boakes,bboakes5@senate.gov,Electricians,"2023-01-22 13:32:14"
7,Wilma,Meatyard,wmeatyard6@edublogs.org,XQuery,"2022-12-08 14:09:43"
8,Marika,Wincott,mwincott7@zimbio.com,"MS Reporting Services","2023-03-06 13:02:37"
9,Clementina,Schutte,cschutte8@sciencedaily.com,NCMR,"2023-04-08 04:57:53"
10,Randolph,Doble,rdoble9@github.com,Lyophilization,"2023-07-12 14:05:27"
